"Epoch date","Human readable date GMT"
1435066653,2015-06-23 13:37:33
1435066649,2015-06-23 13:37:29
1435066649,2015-06-23 13:37:29
1435066649,2015-06-23 13:37:29
1435066653,2015-06-23 13:37:33
1435066649,2015-06-23 13:37:29
1435066649,2015-06-23 13:37:29
1435066710,2015-06-23 13:38:30
1435066649,2015-06-23 13:37:29
1435066654,2015-06-23 13:37:34
1435066710,2015-06-23 13:38:30
1435066649,2015-06-23 13:37:29
1435066649,2015-06-23 13:37:29
1435066649,2015-06-23 13:37:29
1435066649,2015-06-23 13:37:29
1435066619,2015-06-23 13:36:59
1435066649,2015-06-23 13:37:29
1435066710,2015-06-23 13:38:30
1435066650,2015-06-23 13:37:30
1435066649,2015-06-23 13:37:29
1435066649,2015-06-23 13:37:29
1435066710,2015-06-23 13:38:30
1435066649,2015-06-23 13:37:29
1435066710,2015-06-23 13:38:30
1435066649,2015-06-23 13:37:29
1435066654,2015-06-23 13:37:34
1435066649,2015-06-23 13:37:29
1435066650,2015-06-23 13:37:30
1435066649,2015-06-23 13:37:29
1435066649,2015-06-23 13:37:29
1435066649,2015-06-23 13:37:29
1435066710,2015-06-23 13:38:30
1435066650,2015-06-23 13:37:30
1435066649,2015-06-23 13:37:29
1435066650,2015-06-23 13:37:30
1435180848,2015-06-24 21:20:48
1435066653,2015-06-23 13:37:33
1435066649,2015-06-23 13:37:29
1435066649,2015-06-23 13:37:29
1435066649,2015-06-23 13:37:29
1435066649,2015-06-23 13:37:29
1435195567,2015-06-25 01:26:07
1435180848,2015-06-24 21:20:48
1435066650,2015-06-23 13:37:30
1435066649,2015-06-23 13:37:29
1435066649,2015-06-23 13:37:29
1435066649,2015-06-23 13:37:29
1435066649,2015-06-23 13:37:29
1435066657,2015-06-23 13:37:37
1435180848,2015-06-24 21:20:48
1435066648,2015-06-23 13:37:28
1435066649,2015-06-23 13:37:29
1435066649,2015-06-23 13:37:29
1435066649,2015-06-23 13:37:29
1435180848,2015-06-24 21:20:48
1435066649,2015-06-23 13:37:29
1435066679,2015-06-23 13:37:59
1435066653,2015-06-23 13:37:33
1435066649,2015-06-23 13:37:29
1435180848,2015-06-24 21:20:48
1435066654,2015-06-23 13:37:34
1435066653,2015-06-23 13:37:33
1435066649,2015-06-23 13:37:29
1435066651,2015-06-23 13:37:31
1435180848,2015-06-24 21:20:48
1435066649,2015-06-23 13:37:29
1435066650,2015-06-23 13:37:30
1435066649,2015-06-23 13:37:29
1435066649,2015-06-23 13:37:29
1435066653,2015-06-23 13:37:33
1435066649,2015-06-23 13:37:29
1435066710,2015-06-23 13:38:30
1435066650,2015-06-23 13:37:30
1435066649,2015-06-23 13:37:29
1435066655,2015-06-23 13:37:35
1435066710,2015-06-23 13:38:30
1435066653,2015-06-23 13:37:33
1435066649,2015-06-23 13:37:29
1435066649,2015-06-23 13:37:29
1435066649,2015-06-23 13:37:29
1435066649,2015-06-23 13:37:29
1435180848,2015-06-24 21:20:48
1435066650,2015-06-23 13:37:30
1435067433,2015-06-23 13:50:33
1435180848,2015-06-24 21:20:48
1435066649,2015-06-23 13:37:29
1435066652,2015-06-23 13:37:32
1435180848,2015-06-24 21:20:48
1435066649,2015-06-23 13:37:29
1435066649,2015-06-23 13:37:29
1435180848,2015-06-24 21:20:48
1435066650,2015-06-23 13:37:30
1435180848,2015-06-24 21:20:48
1435066649,2015-06-23 13:37:29
1435066652,2015-06-23 13:37:32
1435180848,2015-06-24 21:20:48
1435066649,2015-06-23 13:37:29
1435180848,2015-06-24 21:20:48
1435066652,2015-06-23 13:37:32
1435182560,2015-06-24 21:49:20
1435180848,2015-06-24 21:20:48
1435066653,2015-06-23 13:37:33
1435066649,2015-06-23 13:37:29
1435066649,2015-06-23 13:37:29
1435180848,2015-06-24 21:20:48
1435066710,2015-06-23 13:38:30
1435066649,2015-06-23 13:37:29
1435066649,2015-06-23 13:37:29
1435180848,2015-06-24 21:20:48
1435066649,2015-06-23 13:37:29
1435180848,2015-06-24 21:20:48
1435066649,2015-06-23 13:37:29
1435066710,2015-06-23 13:38:30
1435066649,2015-06-23 13:37:29
1435180848,2015-06-24 21:20:48
1435066650,2015-06-23 13:37:30
1435066649,2015-06-23 13:37:29
1435180848,2015-06-24 21:20:48
1435066649,2015-06-23 13:37:29
1435180848,2015-06-24 21:20:48
1435066649,2015-06-23 13:37:29
1435066650,2015-06-23 13:37:30
1435180848,2015-06-24 21:20:48
1435066652,2015-06-23 13:37:32
1435066649,2015-06-23 13:37:29
1435180848,2015-06-24 21:20:48
1435066652,2015-06-23 13:37:32
1435180848,2015-06-24 21:20:48
1435066710,2015-06-23 13:38:30
1435066649,2015-06-23 13:37:29
1435066652,2015-06-23 13:37:32
1435066710,2015-06-23 13:38:30
1435180848,2015-06-24 21:20:48
1435066649,2015-06-23 13:37:29
1435066649,2015-06-23 13:37:29
1435180848,2015-06-24 21:20:48
1435066652,2015-06-23 13:37:32
1435240766,2015-06-25 13:59:26
1435066710,2015-06-23 13:38:30
1435066649,2015-06-23 13:37:29
1435066652,2015-06-23 13:37:32
1435066710,2015-06-23 13:38:30
1435240766,2015-06-25 13:59:26
1435066649,2015-06-23 13:37:29
1435243186,2015-06-25 14:39:46
1435066649,2015-06-23 13:37:29
1435066654,2015-06-23 13:37:34
1435243186,2015-06-25 14:39:46
1435066657,2015-06-23 13:37:37
1435066649,2015-06-23 13:37:29
1435243186,2015-06-25 14:39:46
1435066679,2015-06-23 13:37:59
1435066649,2015-06-23 13:37:29
1435243186,2015-06-25 14:39:46
1435066649,2015-06-23 13:37:29
1435066654,2015-06-23 13:37:34
1435243186,2015-06-25 14:39:46
1435066652,2015-06-23 13:37:32
1435066649,2015-06-23 13:37:29
1435243186,2015-06-25 14:39:46
1435066657,2015-06-23 13:37:37
1435243186,2015-06-25 14:39:46
1435066649,2015-06-23 13:37:29
1435066649,2015-06-23 13:37:29
1435066654,2015-06-23 13:37:34
1435066649,2015-06-23 13:37:29
1435066651,2015-06-23 13:37:31
1435243186,2015-06-25 14:39:46
1435066649,2015-06-23 13:37:29
1435243186,2015-06-25 14:39:46
1435233416,2015-06-25 11:56:56
1435066649,2015-06-23 13:37:29
1435066649,2015-06-23 13:37:29
1435249913,2015-06-25 16:31:53
1435066710,2015-06-23 13:38:30
1435066649,2015-06-23 13:37:29
1435066649,2015-06-23 13:37:29
1435066649,2015-06-23 13:37:29
1435066653,2015-06-23 13:37:33
1435066650,2015-06-23 13:37:30
1435066649,2015-06-23 13:37:29
1435066653,2015-06-23 13:37:33
1435066649,2015-06-23 13:37:29
1435066649,2015-06-23 13:37:29
1435066649,2015-06-23 13:37:29
1435066653,2015-06-23 13:37:33
1435066649,2015-06-23 13:37:29
1435066649,2015-06-23 13:37:29
1435066710,2015-06-23 13:38:30
1435066649,2015-06-23 13:37:29
1435066654,2015-06-23 13:37:34
1435066710,2015-06-23 13:38:30
1435066649,2015-06-23 13:37:29
1435066649,2015-06-23 13:37:29
1435066649,2015-06-23 13:37:29
1435066649,2015-06-23 13:37:29
1435066619,2015-06-23 13:36:59
1435066649,2015-06-23 13:37:29
1435066710,2015-06-23 13:38:30
1435066650,2015-06-23 13:37:30
1435066649,2015-06-23 13:37:29
1435066649,2015-06-23 13:37:29
1435066710,2015-06-23 13:38:30
1435066649,2015-06-23 13:37:29
1435066710,2015-06-23 13:38:30
1435066649,2015-06-23 13:37:29
1435066654,2015-06-23 13:37:34
1435066649,2015-06-23 13:37:29
1435066650,2015-06-23 13:37:30
1435066649,2015-06-23 13:37:29
1435066649,2015-06-23 13:37:29
1435066649,2015-06-23 13:37:29
1435066710,2015-06-23 13:38:30
1435066650,2015-06-23 13:37:30
1435066649,2015-06-23 13:37:29
1435066650,2015-06-23 13:37:30
1435180848,2015-06-24 21:20:48
1435066653,2015-06-23 13:37:33
1435066649,2015-06-23 13:37:29
1435066649,2015-06-23 13:37:29
1435066649,2015-06-23 13:37:29
1435066649,2015-06-23 13:37:29
1435195567,2015-06-25 01:26:07
1435180848,2015-06-24 21:20:48
1435066650,2015-06-23 13:37:30
1435066649,2015-06-23 13:37:29
1435066649,2015-06-23 13:37:29
1435066649,2015-06-23 13:37:29
1435066649,2015-06-23 13:37:29
1435066657,2015-06-23 13:37:37
1435180848,2015-06-24 21:20:48
1435066648,2015-06-23 13:37:28
1435066649,2015-06-23 13:37:29
1435066649,2015-06-23 13:37:29
1435066649,2015-06-23 13:37:29
1435180848,2015-06-24 21:20:48
1435066649,2015-06-23 13:37:29
1435066679,2015-06-23 13:37:59
1435066653,2015-06-23 13:37:33
1435066649,2015-06-23 13:37:29
1435180848,2015-06-24 21:20:48
1435066654,2015-06-23 13:37:34
1435066653,2015-06-23 13:37:33
1435066649,2015-06-23 13:37:29
1435066651,2015-06-23 13:37:31
1435180848,2015-06-24 21:20:48
1435066649,2015-06-23 13:37:29
1435066650,2015-06-23 13:37:30
1435066649,2015-06-23 13:37:29
1435066649,2015-06-23 13:37:29
1435066653,2015-06-23 13:37:33
1435066649,2015-06-23 13:37:29
1435066710,2015-06-23 13:38:30
1435066650,2015-06-23 13:37:30
1435066649,2015-06-23 13:37:29
1435066655,2015-06-23 13:37:35
1435066710,2015-06-23 13:38:30
1435066653,2015-06-23 13:37:33
1435066649,2015-06-23 13:37:29
1435066649,2015-06-23 13:37:29
1435066649,2015-06-23 13:37:29
1435066649,2015-06-23 13:37:29
1435180848,2015-06-24 21:20:48
1435066650,2015-06-23 13:37:30
1435067433,2015-06-23 13:50:33
1435180848,2015-06-24 21:20:48
1435066649,2015-06-23 13:37:29
1435066652,2015-06-23 13:37:32
1435180848,2015-06-24 21:20:48
1435066649,2015-06-23 13:37:29
1435066649,2015-06-23 13:37:29
1435180848,2015-06-24 21:20:48
1435066650,2015-06-23 13:37:30
1435180848,2015-06-24 21:20:48
1435066649,2015-06-23 13:37:29
1435066652,2015-06-23 13:37:32
1435180848,2015-06-24 21:20:48
1435066649,2015-06-23 13:37:29
1435180848,2015-06-24 21:20:48
1435066652,2015-06-23 13:37:32
1435182560,2015-06-24 21:49:20
1435180848,2015-06-24 21:20:48
1435066653,2015-06-23 13:37:33
1435066649,2015-06-23 13:37:29
1435066649,2015-06-23 13:37:29
1435180848,2015-06-24 21:20:48
1435066710,2015-06-23 13:38:30
1435066649,2015-06-23 13:37:29
1435066649,2015-06-23 13:37:29
1435180848,2015-06-24 21:20:48
1435066649,2015-06-23 13:37:29
1435180848,2015-06-24 21:20:48
1435066649,2015-06-23 13:37:29
1435066710,2015-06-23 13:38:30
1435066649,2015-06-23 13:37:29
1435180848,2015-06-24 21:20:48
1435066650,2015-06-23 13:37:30
1435066649,2015-06-23 13:37:29
1435180848,2015-06-24 21:20:48
1435066649,2015-06-23 13:37:29
1435180848,2015-06-24 21:20:48
1435066649,2015-06-23 13:37:29
1435066650,2015-06-23 13:37:30
1435180848,2015-06-24 21:20:48
1435066652,2015-06-23 13:37:32
1435066649,2015-06-23 13:37:29
1435180848,2015-06-24 21:20:48
1435066652,2015-06-23 13:37:32
1435180848,2015-06-24 21:20:48
1435066710,2015-06-23 13:38:30
1435066649,2015-06-23 13:37:29
1435066652,2015-06-23 13:37:32
1435066710,2015-06-23 13:38:30
1435180848,2015-06-24 21:20:48
1435066649,2015-06-23 13:37:29
1435066649,2015-06-23 13:37:29
1435180848,2015-06-24 21:20:48
1435066652,2015-06-23 13:37:32
1435240766,2015-06-25 13:59:26
1435066710,2015-06-23 13:38:30
1435066649,2015-06-23 13:37:29
1435066652,2015-06-23 13:37:32
1435066710,2015-06-23 13:38:30
1435240766,2015-06-25 13:59:26
1435066649,2015-06-23 13:37:29
1435243186,2015-06-25 14:39:46
1435066649,2015-06-23 13:37:29
1435066654,2015-06-23 13:37:34
1435243186,2015-06-25 14:39:46
1435066657,2015-06-23 13:37:37
1435066649,2015-06-23 13:37:29
1435243186,2015-06-25 14:39:46
1435066679,2015-06-23 13:37:59
1435066649,2015-06-23 13:37:29
1435243186,2015-06-25 14:39:46
1435066649,2015-06-23 13:37:29
1435066654,2015-06-23 13:37:34
1435243186,2015-06-25 14:39:46
1435066652,2015-06-23 13:37:32
1435066649,2015-06-23 13:37:29
1435243186,2015-06-25 14:39:46
1435066657,2015-06-23 13:37:37
1435243186,2015-06-25 14:39:46
1435066649,2015-06-23 13:37:29
1435066649,2015-06-23 13:37:29
1435066654,2015-06-23 13:37:34
1435066649,2015-06-23 13:37:29
1435066651,2015-06-23 13:37:31
1435243186,2015-06-25 14:39:46
1435066649,2015-06-23 13:37:29
1435243186,2015-06-25 14:39:46
1435233416,2015-06-25 11:56:56
1435066649,2015-06-23 13:37:29
1435066649,2015-06-23 13:37:29
1435249913,2015-06-25 16:31:53
1435066710,2015-06-23 13:38:30
1435066649,2015-06-23 13:37:29
1435066649,2015-06-23 13:37:29
1435066649,2015-06-23 13:37:29
1435066653,2015-06-23 13:37:33
1435066650,2015-06-23 13:37:30
1435066649,2015-06-23 13:37:29
1435066653,2015-06-23 13:37:33
1435066649,2015-06-23 13:37:29
1435066649,2015-06-23 13:37:29
1435066649,2015-06-23 13:37:29
1435066653,2015-06-23 13:37:33
1435066649,2015-06-23 13:37:29
1435066649,2015-06-23 13:37:29
1435066710,2015-06-23 13:38:30
1435066649,2015-06-23 13:37:29
1435066654,2015-06-23 13:37:34
1435066710,2015-06-23 13:38:30
1435066649,2015-06-23 13:37:29
1435066649,2015-06-23 13:37:29
1435066649,2015-06-23 13:37:29
1435066649,2015-06-23 13:37:29
1435066619,2015-06-23 13:36:59
1435066649,2015-06-23 13:37:29
1435066710,2015-06-23 13:38:30
1435066650,2015-06-23 13:37:30
1435066649,2015-06-23 13:37:29
1435066649,2015-06-23 13:37:29
1435066710,2015-06-23 13:38:30
1435066649,2015-06-23 13:37:29
1435066710,2015-06-23 13:38:30
1435066649,2015-06-23 13:37:29
1435066654,2015-06-23 13:37:34
1435066649,2015-06-23 13:37:29
1435066650,2015-06-23 13:37:30
1435066649,2015-06-23 13:37:29
1435066649,2015-06-23 13:37:29
1435066649,2015-06-23 13:37:29
1435066710,2015-06-23 13:38:30
1435066650,2015-06-23 13:37:30
1435066649,2015-06-23 13:37:29
1435066650,2015-06-23 13:37:30
1435180848,2015-06-24 21:20:48
1435066653,2015-06-23 13:37:33
1435066649,2015-06-23 13:37:29
1435066649,2015-06-23 13:37:29
1435066649,2015-06-23 13:37:29
1435066649,2015-06-23 13:37:29
1435195567,2015-06-25 01:26:07
1435180848,2015-06-24 21:20:48
1435066650,2015-06-23 13:37:30
1435066649,2015-06-23 13:37:29
1435066649,2015-06-23 13:37:29
1435066649,2015-06-23 13:37:29
1435066649,2015-06-23 13:37:29
1435066657,2015-06-23 13:37:37
1435180848,2015-06-24 21:20:48
1435066648,2015-06-23 13:37:28
1435066649,2015-06-23 13:37:29
1435066649,2015-06-23 13:37:29
1435066649,2015-06-23 13:37:29
1435180848,2015-06-24 21:20:48
1435066649,2015-06-23 13:37:29
1435066679,2015-06-23 13:37:59
1435066653,2015-06-23 13:37:33
1435066649,2015-06-23 13:37:29
1435180848,2015-06-24 21:20:48
1435066654,2015-06-23 13:37:34
1435066653,2015-06-23 13:37:33
1435066649,2015-06-23 13:37:29
1435066651,2015-06-23 13:37:31
1435180848,2015-06-24 21:20:48
1435066649,2015-06-23 13:37:29
1435066650,2015-06-23 13:37:30
1435066649,2015-06-23 13:37:29
1435066649,2015-06-23 13:37:29
1435066653,2015-06-23 13:37:33
1435066649,2015-06-23 13:37:29
1435066710,2015-06-23 13:38:30
1435066650,2015-06-23 13:37:30
1435066649,2015-06-23 13:37:29
1435066655,2015-06-23 13:37:35
1435066710,2015-06-23 13:38:30
1435066653,2015-06-23 13:37:33
1435066649,2015-06-23 13:37:29
1435066649,2015-06-23 13:37:29
1435066649,2015-06-23 13:37:29
1435066649,2015-06-23 13:37:29
1435180848,2015-06-24 21:20:48
1435066650,2015-06-23 13:37:30
1435067433,2015-06-23 13:50:33
1435180848,2015-06-24 21:20:48
1435066649,2015-06-23 13:37:29
1435066652,2015-06-23 13:37:32
1435180848,2015-06-24 21:20:48
1435066649,2015-06-23 13:37:29
1435066649,2015-06-23 13:37:29
1435180848,2015-06-24 21:20:48
1435066650,2015-06-23 13:37:30
1435180848,2015-06-24 21:20:48
1435066649,2015-06-23 13:37:29
1435066652,2015-06-23 13:37:32
1435180848,2015-06-24 21:20:48
1435066649,2015-06-23 13:37:29
1435180848,2015-06-24 21:20:48
1435066652,2015-06-23 13:37:32
1435180848,2015-06-24 21:20:48
1435066653,2015-06-23 13:37:33
1435066649,2015-06-23 13:37:29
1435066649,2015-06-23 13:37:29
1435180848,2015-06-24 21:20:48
1435066710,2015-06-23 13:38:30
1435066649,2015-06-23 13:37:29
1435066649,2015-06-23 13:37:29
1435180848,2015-06-24 21:20:48
1435066649,2015-06-23 13:37:29
1435180848,2015-06-24 21:20:48
1435066649,2015-06-23 13:37:29
1435066710,2015-06-23 13:38:30
1435066649,2015-06-23 13:37:29
1435180848,2015-06-24 21:20:48
1435066650,2015-06-23 13:37:30
1435066649,2015-06-23 13:37:29
1435180848,2015-06-24 21:20:48
1435066649,2015-06-23 13:37:29
1435180848,2015-06-24 21:20:48
1435066649,2015-06-23 13:37:29
1435066650,2015-06-23 13:37:30
1435180848,2015-06-24 21:20:48
1435066652,2015-06-23 13:37:32
1435066649,2015-06-23 13:37:29
1435180848,2015-06-24 21:20:48
1435066652,2015-06-23 13:37:32
1435180848,2015-06-24 21:20:48
1435066710,2015-06-23 13:38:30
1435066649,2015-06-23 13:37:29
1435066652,2015-06-23 13:37:32
1435066710,2015-06-23 13:38:30
1435180848,2015-06-24 21:20:48
1435066649,2015-06-23 13:37:29
1435066649,2015-06-23 13:37:29
1435180848,2015-06-24 21:20:48
1435066652,2015-06-23 13:37:32
1435240766,2015-06-25 13:59:26
1435066710,2015-06-23 13:38:30
Max conversions exceeded.

Converted by Epoch Converter (Batch Conversion Tool) on Thu Jun 25 2015
http://www.epochconverter.com
